{"name": "AllIslandShapefiles.qgz", "layers": [{"title": "Simplified", "geojson": "1cf5fde1-bd55-4df8-ace0-ac306c9d3d88.geojson", "sld": "1cf5fde1-bd55-4df8-ace0-ac306c9d3d88.sld", "opacity": 0.99, "hasIcon": true}], "bounds": [-10.4800137966129, 51.447543573524, -5.4327312439397515, 55.3826415745933], "maxZoom": 11, "minZoom": 6, "description": "", "attribution": "", "popupTemplate": "", "initialBounds": [-13.368455461293301, 51.632439203083386, -4.592042930644759, 57.34226994361121], "limitedInitialBounds": true, "popupLayerIndex": -1, "hasLayerControl": true, "hasZoomControl": true, "hasLayerLegend": true, "basemap": "bmapgrau"}